--
-- PostgreSQL database dump
--

-- Dumped from database version 16.8 (Debian 16.8-1.pgdg120+1)
-- Dumped by pg_dump version 17.4

-- Started on 2025-05-09 12:32:10

SET statement_timeout = 0;
SET lock_timeout = 0;
SET idle_in_transaction_session_timeout = 0;
SET transaction_timeout = 0;
SET client_encoding = 'UTF8';
SET standard_conforming_strings = on;
SELECT pg_catalog.set_config('search_path', '', false);
SET check_function_bodies = false;
SET xmloption = content;
SET client_min_messages = warning;
SET row_security = off;

--
-- TOC entry 5 (class 2615 OID 16507)
-- Name: public; Type: SCHEMA; Schema: -; Owner: webappdb_mpuf_user
--

-- *not* creating schema, since initdb creates it


ALTER SCHEMA public OWNER TO webappdb_mpuf_user;

--
-- TOC entry 3441 (class 0 OID 0)
-- Dependencies: 5
-- Name: SCHEMA public; Type: COMMENT; Schema: -; Owner: webappdb_mpuf_user
--

COMMENT ON SCHEMA public IS '';


SET default_tablespace = '';

SET default_table_access_method = heap;

--
-- TOC entry 215 (class 1259 OID 16509)
-- Name: Events; Type: TABLE; Schema: public; Owner: webappdb_mpuf_user
--

CREATE TABLE public."Events" (
    "Id" integer NOT NULL,
    "Title" text,
    "DateRange" text,
    "Description" text,
    "Link" text,
    "DatePublished" text,
    "ImageUrl" text,
    "DateStart" timestamp without time zone,
    "DateEnd" timestamp without time zone
);


ALTER TABLE public."Events" OWNER TO webappdb_mpuf_user;

--
-- TOC entry 216 (class 1259 OID 16514)
-- Name: Events_Id_seq; Type: SEQUENCE; Schema: public; Owner: webappdb_mpuf_user
--

ALTER TABLE public."Events" ALTER COLUMN "Id" ADD GENERATED BY DEFAULT AS IDENTITY (
    SEQUENCE NAME public."Events_Id_seq"
    START WITH 1
    INCREMENT BY 1
    NO MINVALUE
    NO MAXVALUE
    CACHE 1
);


--
-- TOC entry 217 (class 1259 OID 16515)
-- Name: ForumComments; Type: TABLE; Schema: public; Owner: webappdb_mpuf_user
--

CREATE TABLE public."ForumComments" (
    "Id" integer NOT NULL,
    "PostId" integer NOT NULL,
    "Author" text NOT NULL,
    "Content" text NOT NULL,
    "ProfileId" integer
);


ALTER TABLE public."ForumComments" OWNER TO webappdb_mpuf_user;

--
-- TOC entry 218 (class 1259 OID 16520)
-- Name: ForumComments_Id_seq; Type: SEQUENCE; Schema: public; Owner: webappdb_mpuf_user
--

ALTER TABLE public."ForumComments" ALTER COLUMN "Id" ADD GENERATED BY DEFAULT AS IDENTITY (
    SEQUENCE NAME public."ForumComments_Id_seq"
    START WITH 1
    INCREMENT BY 1
    NO MINVALUE
    NO MAXVALUE
    CACHE 1
);


--
-- TOC entry 219 (class 1259 OID 16521)
-- Name: ForumPosts; Type: TABLE; Schema: public; Owner: webappdb_mpuf_user
--

CREATE TABLE public."ForumPosts" (
    "Id" integer NOT NULL,
    "Autor" text NOT NULL,
    "Sadrzaj" text NOT NULL,
    "ProfileId" integer
);


ALTER TABLE public."ForumPosts" OWNER TO webappdb_mpuf_user;

--
-- TOC entry 220 (class 1259 OID 16526)
-- Name: ForumPosts_Id_seq; Type: SEQUENCE; Schema: public; Owner: webappdb_mpuf_user
--

ALTER TABLE public."ForumPosts" ALTER COLUMN "Id" ADD GENERATED BY DEFAULT AS IDENTITY (
    SEQUENCE NAME public."ForumPosts_Id_seq"
    START WITH 1
    INCREMENT BY 1
    NO MINVALUE
    NO MAXVALUE
    CACHE 1
);


--
-- TOC entry 221 (class 1259 OID 16533)
-- Name: Friendships; Type: TABLE; Schema: public; Owner: webappdb_mpuf_user
--

CREATE TABLE public."Friendships" (
    "Id" integer NOT NULL,
    "UserId" integer NOT NULL,
    "FriendId" integer NOT NULL
);


ALTER TABLE public."Friendships" OWNER TO webappdb_mpuf_user;

--
-- TOC entry 222 (class 1259 OID 16536)
-- Name: Friendships_Id_seq; Type: SEQUENCE; Schema: public; Owner: webappdb_mpuf_user
--

ALTER TABLE public."Friendships" ALTER COLUMN "Id" ADD GENERATED BY DEFAULT AS IDENTITY (
    SEQUENCE NAME public."Friendships_Id_seq"
    START WITH 1
    INCREMENT BY 1
    NO MINVALUE
    NO MAXVALUE
    CACHE 1
);


--
-- TOC entry 223 (class 1259 OID 16537)
-- Name: Groups; Type: TABLE; Schema: public; Owner: webappdb_mpuf_user
--

CREATE TABLE public."Groups" (
    "Id" integer NOT NULL,
    "Name" text NOT NULL,
    "ImageUrl" text NOT NULL,
    "IsMember" boolean NOT NULL
);


ALTER TABLE public."Groups" OWNER TO webappdb_mpuf_user;

--
-- TOC entry 224 (class 1259 OID 16542)
-- Name: Groups_Id_seq; Type: SEQUENCE; Schema: public; Owner: webappdb_mpuf_user
--

ALTER TABLE public."Groups" ALTER COLUMN "Id" ADD GENERATED BY DEFAULT AS IDENTITY (
    SEQUENCE NAME public."Groups_Id_seq"
    START WITH 1
    INCREMENT BY 1
    NO MINVALUE
    NO MAXVALUE
    CACHE 1
);


--
-- TOC entry 225 (class 1259 OID 16543)
-- Name: Instrukcije; Type: TABLE; Schema: public; Owner: webappdb_mpuf_user
--

CREATE TABLE public."Instrukcije" (
    "Id" integer NOT NULL,
    "Autor" text NOT NULL,
    "Sadrzaj" text NOT NULL
);


ALTER TABLE public."Instrukcije" OWNER TO webappdb_mpuf_user;

--
-- TOC entry 226 (class 1259 OID 16548)
-- Name: Instrukcije_Id_seq; Type: SEQUENCE; Schema: public; Owner: webappdb_mpuf_user
--

ALTER TABLE public."Instrukcije" ALTER COLUMN "Id" ADD GENERATED BY DEFAULT AS IDENTITY (
    SEQUENCE NAME public."Instrukcije_Id_seq"
    START WITH 1
    INCREMENT BY 1
    NO MINVALUE
    NO MAXVALUE
    CACHE 1
);


--
-- TOC entry 227 (class 1259 OID 16549)
-- Name: Messages; Type: TABLE; Schema: public; Owner: webappdb_mpuf_user
--

CREATE TABLE public."Messages" (
    "Id" integer NOT NULL,
    "SenderId" integer NOT NULL,
    "ReceiverId" integer NOT NULL,
    "Body" text NOT NULL,
    "SentAt" timestamp with time zone NOT NULL
);


ALTER TABLE public."Messages" OWNER TO webappdb_mpuf_user;

--
-- TOC entry 228 (class 1259 OID 16554)
-- Name: Messages_Id_seq; Type: SEQUENCE; Schema: public; Owner: webappdb_mpuf_user
--

ALTER TABLE public."Messages" ALTER COLUMN "Id" ADD GENERATED BY DEFAULT AS IDENTITY (
    SEQUENCE NAME public."Messages_Id_seq"
    START WITH 1
    INCREMENT BY 1
    NO MINVALUE
    NO MAXVALUE
    CACHE 1
);


--
-- TOC entry 229 (class 1259 OID 16555)
-- Name: UserProfiles; Type: TABLE; Schema: public; Owner: webappdb_mpuf_user
--

CREATE TABLE public."UserProfiles" (
    "Id" integer NOT NULL,
    "FullName" text NOT NULL,
    "Faculty" text NOT NULL,
    "Tags" text,
    "About" text,
    "ProfileImageUrl" text NOT NULL,
    "CoverImageUrl" text,
    "Tag" text DEFAULT ''::text,
    "IsOnline" boolean DEFAULT false NOT NULL
);


ALTER TABLE public."UserProfiles" OWNER TO webappdb_mpuf_user;

--
-- TOC entry 230 (class 1259 OID 16562)
-- Name: UserProfiles_Id_seq; Type: SEQUENCE; Schema: public; Owner: webappdb_mpuf_user
--

ALTER TABLE public."UserProfiles" ALTER COLUMN "Id" ADD GENERATED BY DEFAULT AS IDENTITY (
    SEQUENCE NAME public."UserProfiles_Id_seq"
    START WITH 1
    INCREMENT BY 1
    NO MINVALUE
    NO MAXVALUE
    CACHE 1
);


--
-- TOC entry 231 (class 1259 OID 16563)
-- Name: __EFMigrationsHistory; Type: TABLE; Schema: public; Owner: webappdb_mpuf_user
--

CREATE TABLE public."__EFMigrationsHistory" (
    "MigrationId" character varying(150) NOT NULL,
    "ProductVersion" character varying(32) NOT NULL
);


ALTER TABLE public."__EFMigrationsHistory" OWNER TO webappdb_mpuf_user;

--
-- TOC entry 3419 (class 0 OID 16509)
-- Dependencies: 215
-- Data for Name: Events; Type: TABLE DATA; Schema: public; Owner: webappdb_mpuf_user
--

COPY public."Events" ("Id", "Title", "DateRange", "Description", "Link", "DatePublished", "ImageUrl", "DateStart", "DateEnd") FROM stdin;
1	DK FESTIVAL SE VRAĆA! 	15. - 17.05.	Od 15. do 18. svibnja 2025., Rovinj ponovno postaje epicentar kreativnosti i inovacija. Oćekujte provokativne govore, revolucionarne ideje i atmosferu kakvu nećete pronaći nigdje drugdje. Pogledajte tko su prvi potvrđeni govornici i osigurajte svoje mjesto na vrijeme.\n\nStudentski pass već od 50 eura!	https://danikomunikacija.com/about	10.01.2025.	dk2025.png	\N	\N
2	STUDENTSKI IZBORI	26. - 27.03.	26. i 27. ožujka održavaju se studentski izbori na Sveučilištu u Zagrebu. Ovim putem, pozivamo vas da razmislite o kandidaturi te se u što većem broju uključite i izađite na izbore.\n\nVjerujemo kako je studentski angažman i glas iznimno bitan jer to je način na koji imamo priliku zastupati svoje interese s ciljem što boljih i kvalitetnijih uvjeta našeg studiranja.	https://www.unizg.hr/studiji-i-studiranje/podrska-studentima/studentske-organizacije/studentski-izbori-20242025/	09.03.2025.	izbori2025.png	\N	\N
3	CROATIAN STUDENT SUMMIT 20	08. - 11.4 	Od 08. do 11. travnja 2025. na Medicinskom fakultetu u Zagrebu održava se Coratian Student Summit 20: The Journey of Life, međunarodni znanstveni kogres za studente i mlade znanstvenike iz biomedicinskog područja.\n\nOvo je jedinstvena prilika za učenje, razmjenu ideja i povezivanje s vrhunskim stručnjacima iz različitih grana medicine i znanosti.\n\nNe propustite ovu priliku biti dio ovog inspirativnog događaja!	https://www.entrio.hr/event/croatian-student-summit-20-the-journey-of-life-21619	23.02.2025.	css2025.png	\N	\N
4	BEST U ZAGREBU!	31.03 - 04.04. 	Od 31. ožujka do 04. travnja 2025. održava se Inženjersko natjecanje u organizaciji udruge BEST Zagreb!\n\nPrijavi se i pokaži svoje vještine u rješavanju tehničkih i inovativnih izazova. Ovo je prilika da se povežeš s vrhunskim studentima i stekneš vrijedno iskustvo.\n\n       Rok za prijavu: 23. ožujak\n       Lokacija: Zagreb\n\nNe propustite priliku - prijavi se i postani dio najvećeg studentskog inženjerskog natjecanja.	https://www.ttf.unizg.hr/novosti/otvorene-su-prijave-na-strucni-seminar-best-a-zagreb/1688	17.02.2025.	best2025.png	\N	\N
5	MONEY MOTION 2025	27.03.	Zanimaju te financijske tehnologije, blockchain i digitalna plaćanja? Ne propustite Money Motion 2025, konferenciju koja okuplja vodeće stručnjake iz fintech industrije!\n\n       Lokacija: Zagrebački velesajam\n\nOčekuju te inspirativni govornici, paneli i prilika za networking s liderima financijskog sektora. \n\nStudentski pass već od 49 eura!	https://www.entrio.hr/event/money-motion-2025-18076	03.03.2025.	auforux.png	\N	\N
6	DEVFEST 2025	24.10.	Zanimaju te software development, AI, cloud, mobilne aplikacije i najnoviji tech trendovi? Ne propusti DevFest 2025, konferenciju za sve tech entuzijaste, developere i inovatore!\n\n       Vrijeme: Početak u 10h (ulaz od 9h)\n       Lokacija: WESPA Business & Lounge | Green   \n                        Gold, Zagreb\n\nČekaju te inspirativna predavanja, paneli i prilika za networking s vrhunskim stručnjacima iz industrije!	https://www.entrio.hr/event/devfest-2025-21473	17.03.2025.	devfest.png	\N	\N
7	UNIFEST 2025\n\n	14. - 18.05. 	Od 14. do 18. svibnja 2025., otok Pag i plaža Zrće postaju epicentar edukacije, sporta, zabave i umrežavanja. UNIFEST 2025 okuplja studente iz svih hrvatskih fakulteta i veleučilišta na jedinstvenom festivalu koji spaja korisno i zabavno! Ne propustite priliku - prijavi se i postani dio najvećeg studentskog inženjerskog natjecanja.\n\nEdukativni sadržaj\nSportska natjecanja\nPartyji i koncerti\nUmrežavanje s kolegama iz cijele Hrvatske\n\nNe propustite priliku biti dio najveće studentske avanture!	https://www.noa-zrce.com/en/events/unifest-2025	19.03.2025.	unifest.png	\N	\N
8	STEM GAMES 2025	11. - 16.05.	Jedno od najvećih studentskih natjecanja u Hrvatskoj ove godine se održava u Umagu od 11. do 16. svibnja 2025.!\n\n       4 arene znanja: Prirodoslovna, Tehnološka, \n       Inženjerska i Matematička\n       eSport turniri\n       Sportska natjecanja\n       Puno zabave i nezaboravno iskustvo\n\nPrijave su otvorene do 23. ožujka 2025. - okupite ekipu i pokažite svoje STEM vještine!\n	https://stemgames.hr/prijava/	10.02.2025.	umag.jpg	\N	\N
9	UNISPORT FINALS 2025	09. - 12.06.	Od 09. do 12. lipnja 2025., Poreč postaje središte studentskog sporta:\n\nViše od 1000 studenata iz cijele Hrvatske\n11 sportova - od ekipnih do pobjedničkih disciplina\nNatjecanja, uzbuđenje i nevjerojatna sportska atmosfera\n\nPridružite se i podržite najbolje studentske sportaše u borbi za titulu prvaka!	https://www.unisport.hr/hr	11.03.2025.	finals.png	\N	\N
\.


--
-- TOC entry 3421 (class 0 OID 16515)
-- Dependencies: 217
-- Data for Name: ForumComments; Type: TABLE DATA; Schema: public; Owner: webappdb_mpuf_user
--

COPY public."ForumComments" ("Id", "PostId", "Author", "Content", "ProfileId") FROM stdin;
3	1	Ana Janić	Takođeer!	5
2	1	Marko Marić	Također, budem ti se sad javio :)	2
1	1	Ivana Valić	Ja sam zainteresirana!	3
4	2	Ivana Valić	Javila sam ti se u privatni	3
5	3	Neven Olujić	Ako saznaš, javi i meni pls	13
6	4	Ivan Mulan	Taman sam tražio :D	6
7	4	Marko Marić	Evo, javim se	2
8	6	Ivana Valić	Ja sam bila u Portugalu, velika poruka za to.	3
9	6	Marko Marić	Danska je isto dobra	2
10	6	Ana Janić	Budem ti se javila sad :)	5
11	7	Marko Marić	Probali su i dobili, eto	2
12	7	Ivan Mulan	Ne znam što da kažem	6
13	8	Ivana Valić	Urania ili Booksa, može i Canopy ako ima mjesta	3
\.


--
-- TOC entry 3423 (class 0 OID 16521)
-- Dependencies: 219
-- Data for Name: ForumPosts; Type: TABLE DATA; Schema: public; Owner: webappdb_mpuf_user
--

COPY public."ForumPosts" ("Id", "Autor", "Sadrzaj", "ProfileId") FROM stdin;
1	Ivan Mulan	Imam zanimljivu ideju za start-up, ali mi trebaju ljudi za razvoj, dizajn i za biznis stranu.	6
2	Jana Lončar	Ekipa, jel netko ide na pub kvizove u Zagrebu? Trebamo pojačanje za naš tim, pa ako je netko za - javite se!	7
3	Milica Vojnić	Ima li netko ovdje da je radio na Festivalu svjetla, tj. da je njihov rad bio tamo prikazan?	11
4	Siniša Akič	Ima zainteresiranih za futsal ovu subotu, fale nam 3 igrača još?	14
5	Fran Vitas	Treba mi pomoć oko ankete jedne, samo je potrebno glasati da li se slažete sa izjavom: “AI je potreban u današnjoj svakodnevici.”	18
6	Mateja Milanović	Zanima me ERASMUS razmjena, ali nemam pojma gdje bih išla. Jel netko bio i može li podijeliti iskustva - koje zemlje su top, a koje su precijenjene?	1
7	Ivan Blaslav	Što kažete na novi vizualni identitet za grad Zagreb? Stalno mi izlazi svugdje.	8
8	Vanesa Mihajlo	Di idete učiti kad ne možete više gledati u zid doma? Trebam neko chill mjesto s dobrim internetom i kavom koja me ne uništi financijski.	19
\.


--
-- TOC entry 3425 (class 0 OID 16533)
-- Dependencies: 221
-- Data for Name: Friendships; Type: TABLE DATA; Schema: public; Owner: webappdb_mpuf_user
--

COPY public."Friendships" ("Id", "UserId", "FriendId") FROM stdin;
7	1	3
8	1	7
9	1	8
10	1	5
12	1	10
13	1	16
14	1	17
\.


--
-- TOC entry 3427 (class 0 OID 16537)
-- Dependencies: 223
-- Data for Name: Groups; Type: TABLE DATA; Schema: public; Owner: webappdb_mpuf_user
--

COPY public."Groups" ("Id", "Name", "ImageUrl", "IsMember") FROM stdin;
\.


--
-- TOC entry 3429 (class 0 OID 16543)
-- Dependencies: 225
-- Data for Name: Instrukcije; Type: TABLE DATA; Schema: public; Owner: webappdb_mpuf_user
--

COPY public."Instrukcije" ("Id", "Autor", "Sadrzaj") FROM stdin;
6	Jana Lončar	Trebam pomoć za i za Web Dizajn 1! Ostala su mi dva zadatka koja nikako ne mogu skužit. Plizz help.
2	Jana Lončar	Trebam pomoć za ŠMP! Ako mi netko može objasniti kako se radi taj Atomic design?
4	Sven Markaš	Nudim instrukcije iz Matematike 1. Klikni na “+” pa ti se javim za više informacija.\r\n
5	Ivan Blaslav	Nudim instrukcije iz Fizike 1. Klikni na “+” pa ti se javim za više informacija ili mi se možeš javiti privatno u Chat.
7	Sven Markaš	Nudim instrukcije iz Kontrole kvalitete. Ako ti treba pomoć oko crtanja, javi se ili klikni na “+” pa ti se ja javim.
8	Ana Janić	Nudim instrukcije iz Inženjerske grafike. Ako ti treba pomoć oko crtanja, javi se ili klikni na “+” pa ti se ja javim.
\.


--
-- TOC entry 3431 (class 0 OID 16549)
-- Dependencies: 227
-- Data for Name: Messages; Type: TABLE DATA; Schema: public; Owner: webappdb_mpuf_user
--

COPY public."Messages" ("Id", "SenderId", "ReceiverId", "Body", "SentAt") FROM stdin;
24	1	17	Evo sad sam vidj...	2025-05-08 19:01:55.33159+00
25	1	10	Provjerio sam sa...	2025-05-08 19:02:48.989737+00
27	1	5	:)	2025-05-08 19:03:56.162913+00
28	1	8	Sutra popodne b...	2025-05-08 19:04:11.120549+00
29	1	7	U redu	2025-05-08 19:04:23.858006+00
30	1	3	Pokušavam da naučim, ali me integrali malo zbunjuju.  Ali mislim da sam napredovala u posljednje vrijeme.  Kako ide tebi?	2025-05-08 19:04:52.418727+00
32	1	3	Može, super, vidimo se sutra!	2025-05-08 19:05:07.861126+00
31	3	1	Isto je i kod mene. Možemo sutra prije faksa pa proći  zajedno neke zadatke.	2025-05-08 19:05:00.942775+00
33	3	1	Vidimo se!	2025-05-08 19:05:15.943193+00
\.


--
-- TOC entry 3433 (class 0 OID 16555)
-- Dependencies: 229
-- Data for Name: UserProfiles; Type: TABLE DATA; Schema: public; Owner: webappdb_mpuf_user
--

COPY public."UserProfiles" ("Id", "FullName", "Faculty", "Tags", "About", "ProfileImageUrl", "CoverImageUrl", "Tag", "IsOnline") FROM stdin;
1	Mateja Milanović	Grafički fakultet	fotografija,web dizajn,game development,tenis,3D modeliranje,grafički dizajn	Studentica sam 4. godine Grafičkog fakulteta, smjer Multimedija. " +\n            "Volim fotografiju i web dizajn - uvijek istražujem nove ideje i kreativne načine izražavanja." +\n            " Uz to, tenis mi je super način za opuštanje i održavanje fokusa. " +\n            "Uvijek sam za nova poznanstva i zanimljive projekte!	prof.jpg	back.jpg	GRF	f
2	Marko Marić	Elektrotehnički fakultet			marko.jpg		ETF	t
3	Ivana Valić	Grafički fakultet			ivana.jpg		GRF	t
6	Ivan Mulan	Medicinski fakultet	\N	\N	ivan.jpg	\N	MF	f
8	Ivan Blaslov	Grafički fakultet	\N	\N	blas.jpg	\N	GRF	f
5	Ana Janić	Grafički fakultet			ana.jpg		GRF	f
4	Suzana Ilić	Ekonomski fakultet			suzana.jpg		EF	f
7	Jana Lončar	Grafički fakultet	\N	\N	jana.jpg	\N	GRF	t
10	Sven Markaš	Grafički fakultet	\N	\N	sven.jpg	\N	GRF	f
11	Milica Vojnić	Arhitektonski fakultet	\N	\N	milica.jpg	\N	ARF	f
12	Nikolina Vrčić	Agronomski fakultet	\N	\N	nina.jpg	\N	AGF	t
13	Neven Olujić	Građevinski fakultet	\N	\N	neven.jpg	\N	GF	f
14	Siniša Akič	Građevinski fakultet	\N	\N	sinisa.jpg	\N	GF	f
15	Sara Miličević	Grafički fakultet	\N	\N	sara.jpg	\N	GRF	t
16	Anja Silva	Grafički fakultet	\N	\N	anja.jpg	\N	GRF	f
17	Nina Smajlo	Grafički fakultet	\N	\N	ninas.jpg	\N	GRF	f
18	Fran Vitas	Agronomski fakultet	\N	\N	fran.jpg	\N	AGF	t
19	Vanesa Mihajlo	Grafički fakultet	\N	\N	vanesa.jpg	\N	GRF	f
20	Nives Belives	Grafički fakultet	\N	\N	nives.jpg	\N	GRF	f
21	Luka Vitasović	Grafički fakultet	\N	\N	luka.jpg	\N	GRF	f
\.


--
-- TOC entry 3435 (class 0 OID 16563)
-- Dependencies: 231
-- Data for Name: __EFMigrationsHistory; Type: TABLE DATA; Schema: public; Owner: webappdb_mpuf_user
--

COPY public."__EFMigrationsHistory" ("MigrationId", "ProductVersion") FROM stdin;
20250425093800_InitialCreate	9.0.4
20250425100719_AddUserProfile	9.0.4
20250425111302_AddEditFlagsToUserProfile	9.0.4
20250427173229_SeedFriends	9.0.4
20250430132918_AddTagToUserProfiles	9.0.4
20250501163951_AddInstrukcijeTable	9.0.4
20250501192529_CreateForumPosts	9.0.4
20250501200120_CreateForumComments	9.0.4
20250505203437_AddProfileIdToForumPost	9.0.4
20250505215934_AddIsOnlineToProfile	9.0.4
20250505215956_AddMessageEntity	9.0.4
20250505225403_WireUpChat	9.0.4
20250506142021_FixDateTimeWithSpecifyKind	9.0.4
\.


--
-- TOC entry 3443 (class 0 OID 0)
-- Dependencies: 216
-- Name: Events_Id_seq; Type: SEQUENCE SET; Schema: public; Owner: webappdb_mpuf_user
--

SELECT pg_catalog.setval('public."Events_Id_seq"', 1, false);


--
-- TOC entry 3444 (class 0 OID 0)
-- Dependencies: 218
-- Name: ForumComments_Id_seq; Type: SEQUENCE SET; Schema: public; Owner: webappdb_mpuf_user
--

SELECT pg_catalog.setval('public."ForumComments_Id_seq"', 8, true);


--
-- TOC entry 3445 (class 0 OID 0)
-- Dependencies: 220
-- Name: ForumPosts_Id_seq; Type: SEQUENCE SET; Schema: public; Owner: webappdb_mpuf_user
--

SELECT pg_catalog.setval('public."ForumPosts_Id_seq"', 6, true);


--
-- TOC entry 3446 (class 0 OID 0)
-- Dependencies: 222
-- Name: Friendships_Id_seq; Type: SEQUENCE SET; Schema: public; Owner: webappdb_mpuf_user
--

SELECT pg_catalog.setval('public."Friendships_Id_seq"', 14, true);


--
-- TOC entry 3447 (class 0 OID 0)
-- Dependencies: 224
-- Name: Groups_Id_seq; Type: SEQUENCE SET; Schema: public; Owner: webappdb_mpuf_user
--

SELECT pg_catalog.setval('public."Groups_Id_seq"', 1, false);


--
-- TOC entry 3448 (class 0 OID 0)
-- Dependencies: 226
-- Name: Instrukcije_Id_seq; Type: SEQUENCE SET; Schema: public; Owner: webappdb_mpuf_user
--

SELECT pg_catalog.setval('public."Instrukcije_Id_seq"', 9, true);


--
-- TOC entry 3449 (class 0 OID 0)
-- Dependencies: 228
-- Name: Messages_Id_seq; Type: SEQUENCE SET; Schema: public; Owner: webappdb_mpuf_user
--

SELECT pg_catalog.setval('public."Messages_Id_seq"', 33, true);


--
-- TOC entry 3450 (class 0 OID 0)
-- Dependencies: 230
-- Name: UserProfiles_Id_seq; Type: SEQUENCE SET; Schema: public; Owner: webappdb_mpuf_user
--

SELECT pg_catalog.setval('public."UserProfiles_Id_seq"', 6, false);


--
-- TOC entry 3249 (class 2606 OID 16567)
-- Name: Events PK_Events; Type: CONSTRAINT; Schema: public; Owner: webappdb_mpuf_user
--

ALTER TABLE ONLY public."Events"
    ADD CONSTRAINT "PK_Events" PRIMARY KEY ("Id");


--
-- TOC entry 3252 (class 2606 OID 16569)
-- Name: ForumComments PK_ForumComments; Type: CONSTRAINT; Schema: public; Owner: webappdb_mpuf_user
--

ALTER TABLE ONLY public."ForumComments"
    ADD CONSTRAINT "PK_ForumComments" PRIMARY KEY ("Id");


--
-- TOC entry 3254 (class 2606 OID 16571)
-- Name: ForumPosts PK_ForumPosts; Type: CONSTRAINT; Schema: public; Owner: webappdb_mpuf_user
--

ALTER TABLE ONLY public."ForumPosts"
    ADD CONSTRAINT "PK_ForumPosts" PRIMARY KEY ("Id");


--
-- TOC entry 3258 (class 2606 OID 16575)
-- Name: Friendships PK_Friendships; Type: CONSTRAINT; Schema: public; Owner: webappdb_mpuf_user
--

ALTER TABLE ONLY public."Friendships"
    ADD CONSTRAINT "PK_Friendships" PRIMARY KEY ("Id");


--
-- TOC entry 3260 (class 2606 OID 16577)
-- Name: Groups PK_Groups; Type: CONSTRAINT; Schema: public; Owner: webappdb_mpuf_user
--

ALTER TABLE ONLY public."Groups"
    ADD CONSTRAINT "PK_Groups" PRIMARY KEY ("Id");


--
-- TOC entry 3262 (class 2606 OID 16579)
-- Name: Instrukcije PK_Instrukcije; Type: CONSTRAINT; Schema: public; Owner: webappdb_mpuf_user
--

ALTER TABLE ONLY public."Instrukcije"
    ADD CONSTRAINT "PK_Instrukcije" PRIMARY KEY ("Id");


--
-- TOC entry 3266 (class 2606 OID 16581)
-- Name: Messages PK_Messages; Type: CONSTRAINT; Schema: public; Owner: webappdb_mpuf_user
--

ALTER TABLE ONLY public."Messages"
    ADD CONSTRAINT "PK_Messages" PRIMARY KEY ("Id");


--
-- TOC entry 3268 (class 2606 OID 16583)
-- Name: UserProfiles PK_UserProfiles; Type: CONSTRAINT; Schema: public; Owner: webappdb_mpuf_user
--

ALTER TABLE ONLY public."UserProfiles"
    ADD CONSTRAINT "PK_UserProfiles" PRIMARY KEY ("Id");


--
-- TOC entry 3270 (class 2606 OID 16585)
-- Name: __EFMigrationsHistory PK___EFMigrationsHistory; Type: CONSTRAINT; Schema: public; Owner: webappdb_mpuf_user
--

ALTER TABLE ONLY public."__EFMigrationsHistory"
    ADD CONSTRAINT "PK___EFMigrationsHistory" PRIMARY KEY ("MigrationId");


--
-- TOC entry 3250 (class 1259 OID 16586)
-- Name: IX_ForumComments_PostId; Type: INDEX; Schema: public; Owner: webappdb_mpuf_user
--

CREATE INDEX "IX_ForumComments_PostId" ON public."ForumComments" USING btree ("PostId");


--
-- TOC entry 3255 (class 1259 OID 16587)
-- Name: IX_Friendships_FriendId; Type: INDEX; Schema: public; Owner: webappdb_mpuf_user
--

CREATE INDEX "IX_Friendships_FriendId" ON public."Friendships" USING btree ("FriendId");


--
-- TOC entry 3256 (class 1259 OID 16588)
-- Name: IX_Friendships_UserId; Type: INDEX; Schema: public; Owner: webappdb_mpuf_user
--

CREATE INDEX "IX_Friendships_UserId" ON public."Friendships" USING btree ("UserId");


--
-- TOC entry 3263 (class 1259 OID 16589)
-- Name: IX_Messages_ReceiverId; Type: INDEX; Schema: public; Owner: webappdb_mpuf_user
--

CREATE INDEX "IX_Messages_ReceiverId" ON public."Messages" USING btree ("ReceiverId");


--
-- TOC entry 3264 (class 1259 OID 16590)
-- Name: IX_Messages_SenderId; Type: INDEX; Schema: public; Owner: webappdb_mpuf_user
--

CREATE INDEX "IX_Messages_SenderId" ON public."Messages" USING btree ("SenderId");


--
-- TOC entry 3271 (class 2606 OID 16591)
-- Name: ForumComments FK_ForumComments_ForumPosts_PostId; Type: FK CONSTRAINT; Schema: public; Owner: webappdb_mpuf_user
--

ALTER TABLE ONLY public."ForumComments"
    ADD CONSTRAINT "FK_ForumComments_ForumPosts_PostId" FOREIGN KEY ("PostId") REFERENCES public."ForumPosts"("Id") ON DELETE CASCADE;


--
-- TOC entry 3272 (class 2606 OID 16596)
-- Name: Friendships FK_Friendships_UserProfiles_FriendId; Type: FK CONSTRAINT; Schema: public; Owner: webappdb_mpuf_user
--

ALTER TABLE ONLY public."Friendships"
    ADD CONSTRAINT "FK_Friendships_UserProfiles_FriendId" FOREIGN KEY ("FriendId") REFERENCES public."UserProfiles"("Id") ON DELETE CASCADE;


--
-- TOC entry 3273 (class 2606 OID 16601)
-- Name: Friendships FK_Friendships_UserProfiles_UserId; Type: FK CONSTRAINT; Schema: public; Owner: webappdb_mpuf_user
--

ALTER TABLE ONLY public."Friendships"
    ADD CONSTRAINT "FK_Friendships_UserProfiles_UserId" FOREIGN KEY ("UserId") REFERENCES public."UserProfiles"("Id") ON DELETE CASCADE;


--
-- TOC entry 3274 (class 2606 OID 16606)
-- Name: Messages FK_Messages_UserProfiles_ReceiverId; Type: FK CONSTRAINT; Schema: public; Owner: webappdb_mpuf_user
--

ALTER TABLE ONLY public."Messages"
    ADD CONSTRAINT "FK_Messages_UserProfiles_ReceiverId" FOREIGN KEY ("ReceiverId") REFERENCES public."UserProfiles"("Id") ON DELETE RESTRICT;


--
-- TOC entry 3275 (class 2606 OID 16611)
-- Name: Messages FK_Messages_UserProfiles_SenderId; Type: FK CONSTRAINT; Schema: public; Owner: webappdb_mpuf_user
--

ALTER TABLE ONLY public."Messages"
    ADD CONSTRAINT "FK_Messages_UserProfiles_SenderId" FOREIGN KEY ("SenderId") REFERENCES public."UserProfiles"("Id") ON DELETE RESTRICT;


--
-- TOC entry 3442 (class 0 OID 0)
-- Dependencies: 5
-- Name: SCHEMA public; Type: ACL; Schema: -; Owner: webappdb_mpuf_user
--

REVOKE USAGE ON SCHEMA public FROM PUBLIC;


--
-- TOC entry 2078 (class 826 OID 16391)
-- Name: DEFAULT PRIVILEGES FOR SEQUENCES; Type: DEFAULT ACL; Schema: -; Owner: postgres
--

ALTER DEFAULT PRIVILEGES FOR ROLE postgres GRANT ALL ON SEQUENCES TO webappdb_mpuf_user;


--
-- TOC entry 2080 (class 826 OID 16393)
-- Name: DEFAULT PRIVILEGES FOR TYPES; Type: DEFAULT ACL; Schema: -; Owner: postgres
--

ALTER DEFAULT PRIVILEGES FOR ROLE postgres GRANT ALL ON TYPES TO webappdb_mpuf_user;


--
-- TOC entry 2079 (class 826 OID 16392)
-- Name: DEFAULT PRIVILEGES FOR FUNCTIONS; Type: DEFAULT ACL; Schema: -; Owner: postgres
--

ALTER DEFAULT PRIVILEGES FOR ROLE postgres GRANT ALL ON FUNCTIONS TO webappdb_mpuf_user;


--
-- TOC entry 2077 (class 826 OID 16390)
-- Name: DEFAULT PRIVILEGES FOR TABLES; Type: DEFAULT ACL; Schema: -; Owner: postgres
--

ALTER DEFAULT PRIVILEGES FOR ROLE postgres GRANT SELECT,INSERT,REFERENCES,DELETE,TRIGGER,TRUNCATE,UPDATE ON TABLES TO webappdb_mpuf_user;


-- Completed on 2025-05-09 12:32:13

--
-- PostgreSQL database dump complete
--

